season,team,wins,losses,playoff_result,gm_stint_id,franchise_id,gm_name,gm_title,start_year,end_year,total_cap_pct,offensive_cap_pct,defensive_cap_pct,made_playoffs,wins_per_cap_pct
2011,ARI,8,8,MISSED,113,F_ARI,Rod Graves,General Manager,2003,2012,0.43000000000000005,0.35100000000000003,0.079,false,18.604651162790695
2011,ATL,10,6,WC,124,F_ATL,Thomas Dimitroff,General Manager,2008,2020,0.29200000000000004,0.2,0.066,true,34.246575342465746
2011,BAL,12,4,CONF,3,F_BAL_ORG,Ozzie Newsome,General Manager,2000,2018,0.27,0.094,0.176,true,44.44444444444444
2011,BUF,6,10,MISSED,39,F_BUF,Russ Brandon,CEO / De facto GM,2010,2013,0.351,0.133,0.218,false,17.094017094017094
2011,CAR,6,10,MISSED,127,F_CAR,Marty Hurney,General Manager,2002,2012,0.653,0.304,0.349,false,9.188361408882082
2011,CHI,8,8,MISSED,20,F_CHI,Jerry Angelo,General Manager,2001,2012,0.154,0.09,0.064,false,51.94805194805195
2011,CIN,9,7,WC,5,F_CIN,Mike Brown,Executive VP / De facto GM,2000,2099,0.391,0.21800000000000003,0.173,true,23.017902813299234
2011,CLE,4,12,MISSED,10,F_CLE_NEW,Tom Heckert,General Manager,2010,2012,0.326,0.12100000000000001,0.179,false,12.269938650306749
2011,DAL,8,8,MISSED,52,F_DAL,Jerry Jones,Owner / President / GM,2000,2099,0.29100000000000004,0.188,0.10300000000000001,false,27.491408934707902
2011,DEN,8,8,DIV,69,F_DEN,John Elway,Executive VP / GM,2011,2021,0.307,0.056,0.251,true,26.058631921824105
2011,DET,10,6,WC,31,F_DET,Martin Mayhew,General Manager,2008,2015,0.168,0.04,0.128,true,59.52380952380952
2011,GB,15,1,DIV,18,F_GB,Ted Thompson,General Manager,2005,2017,0.245,0.17600000000000002,0.06899999999999999,true,61.224489795918366
2011,HOU,10,6,DIV,89,F_HOU,Rick Smith,General Manager,2006,2017,0.302,0.127,0.17500000000000002,true,33.11258278145696
2011,IND,2,14,MISSED,85,F_IND,Bill Polian,President / GM,2000,2011,0.27299999999999996,0.20099999999999998,0.047,false,7.326007326007327
2011,JAX,5,11,MISSED,96,F_JAX,Gene Smith,General Manager,2009,2012,0.27499999999999997,0.144,0.131,false,18.181818181818183
2011,KC,7,9,MISSED,72,F_KC,Scott Pioli,General Manager,2009,2013,0.333,0.074,0.23600000000000002,false,21.02102102102102
2011,LA,2,14,MISSED,118,F_LAR_ORG,Billy Devaney,General Manager,2008,2011,0.116,0.07600000000000001,0.04000000000000001,false,17.241379310344826
2011,LAC,8,8,MISSED,82,F_LAC,A.J. Smith,General Manager,2003,2012,0.356,0.196,0.13,false,22.471910112359552
2011,LV,8,8,MISSED,75,F_LV_ORG,Al Davis,Owner / GM,2000,2011,0.41800000000000004,0.17500000000000002,0.243,false,19.13875598086124
2011,MIA,6,10,MISSED,44,F_MIA,Jeff Ireland,General Manager,2008,2014,0.321,0.14200000000000002,0.17900000000000002,false,18.69158878504673
2011,MIN,3,13,MISSED,28,F_MIN,Rick Spielman,General Manager,2006,2022,0.451,0.316,0.135,false,6.651884700665188
2011,NE,13,3,SB_LOSS,34,F_NE,Bill Belichick,Head Coach / De facto GM,2000,2024,0.312,0.113,0.199,true,41.666666666666664
2011,NO,13,3,DIV,121,F_NO,Mickey Loomis,General Manager,2002,2099,0.29100000000000004,0.193,0.098,true,44.67353951890034
2011,NYG,9,7,SB_WIN,59,F_NYG,Jerry Reese,General Manager,2007,2017,0.224,0.125,0.099,true,40.17857142857143
2011,NYJ,8,8,MISSED,48,F_NYJ,Mike Tannenbaum,General Manager,2006,2013,0.42300000000000004,0.13,0.29300000000000004,false,18.912529550827422
2011,PHI,8,8,MISSED,55,F_PHI,Howie Roseman,General Manager,2010,2015,0.389,0.207,0.177,false,20.565552699228792
2011,PIT,12,4,WC,1,F_PIT,Kevin Colbert,General Manager,2000,2022,0.418,0.07,0.348,true,28.70813397129187
2011,SEA,7,9,MISSED,107,F_SEA,John Schneider,General Manager,2010,2099,0.281,0.173,0.108,false,24.911032028469748
2011,SF,13,3,CONF,110,F_SF,Trent Baalke,General Manager,2011,2016,0.34,0.182,0.158,true,38.23529411764706
2011,TB,4,12,MISSED,135,F_TB,Mark Dominik,General Manager,2009,2013,0.242,0.161,0.081,false,16.528925619834713
2011,TEN,9,7,MISSED,100,F_TEN,Mike Reinfeldt,General Manager,2007,2013,0.309,0.235,0.074,false,29.12621359223301
2011,WAS,5,11,MISSED,65,F_WAS,Bruce Allen,President / De facto GM,2010,2019,0.245,0.1,0.14500000000000002,false,20.408163265306122
2012,ARI,5,11,MISSED,113,F_ARI,Rod Graves,General Manager,2003,2012,0.348,0.112,0.236,false,14.367816091954024
2012,ATL,13,3,CONF,124,F_ATL,Thomas Dimitroff,General Manager,2008,2020,0.38,0.054,0.326,true,34.21052631578947
2012,BAL,10,6,SB_WIN,3,F_BAL_ORG,Ozzie Newsome,General Manager,2000,2018,0.324,0.106,0.214,true,30.864197530864196
2012,BUF,6,10,MISSED,39,F_BUF,Russ Brandon,CEO / De facto GM,2010,2013,0.439,0.212,0.223,false,13.66742596810934
2012,CAR,7,9,MISSED,127,F_CAR,Marty Hurney,General Manager,2002,2012,0.28600000000000003,0.18,0.101,false,24.475524475524473
2012,CHI,10,6,MISSED,21,F_CHI,Phil Emery,General Manager,2012,2014,0.283,0.154,0.129,false,35.3356890459364
2012,CIN,10,6,WC,5,F_CIN,Mike Brown,Executive VP / De facto GM,2000,2099,0.28800000000000003,0.10500000000000001,0.161,true,34.72222222222222
2012,CLE,5,11,MISSED,10,F_CLE_NEW,Tom Heckert,General Manager,2010,2012,0.281,0.078,0.14300000000000002,false,17.79359430604982
2012,DAL,8,8,MISSED,52,F_DAL,Jerry Jones,Owner / President / GM,2000,2099,0.313,0.081,0.232,false,25.559105431309906
2012,DEN,13,3,DIV,69,F_DEN,John Elway,Executive VP / GM,2011,2021,0.49000000000000005,0.29100000000000004,0.195,true,26.530612244897956
2012,DET,4,12,MISSED,31,F_DET,Martin Mayhew,General Manager,2008,2015,0.396,0.198,0.198,false,10.1010101010101
2012,GB,11,5,DIV,18,F_GB,Ted Thompson,General Manager,2005,2017,0.17099999999999999,0.11599999999999999,0.044,true,64.32748538011697
2012,HOU,12,4,DIV,89,F_HOU,Rick Smith,General Manager,2006,2017,0.343,0.29400000000000004,0.037,true,34.985422740524776
2012,IND,11,5,WC,86,F_IND,Ryan Grigson,General Manager,2012,2017,0.367,0.222,0.145,true,29.97275204359673
2012,JAX,2,14,MISSED,96,F_JAX,Gene Smith,General Manager,2009,2012,0.252,0.09,0.156,false,7.936507936507937
2012,KC,2,14,MISSED,72,F_KC,Scott Pioli,General Manager,2009,2013,0.3,0.155,0.145,false,6.666666666666667
2012,LA,7,8,MISSED,119,F_LAR_ORG,Les Snead,General Manager,2012,2099,0.51,0.124,0.381,false,13.72549019607843
2012,LAC,7,9,MISSED,82,F_LAC,A.J. Smith,General Manager,2003,2012,0.35000000000000003,0.232,0.11800000000000001,false,19.999999999999996
2012,LV,4,12,MISSED,76,F_LV_ORG,Reggie McKenzie,General Manager,2012,2018,0.226,0.063,0.16,false,17.699115044247787
2012,MIA,7,9,MISSED,44,F_MIA,Jeff Ireland,General Manager,2008,2014,0.273,0.062,0.184,false,25.64102564102564
2012,MIN,10,6,WC,28,F_MIN,Rick Spielman,General Manager,2006,2022,0.253,0.16899999999999998,0.079,true,39.52569169960474
2012,NE,12,4,CONF,34,F_NE,Bill Belichick,Head Coach / De facto GM,2000,2024,0.34800000000000003,0.236,0.112,true,34.48275862068965
2012,NO,7,9,MISSED,121,F_NO,Mickey Loomis,General Manager,2002,2099,0.601,0.384,0.187,false,11.647254575707155
2012,NYG,9,7,MISSED,59,F_NYG,Jerry Reese,General Manager,2007,2017,0.179,0.059,0.12,false,50.279329608938546
2012,NYJ,6,10,MISSED,48,F_NYJ,Mike Tannenbaum,General Manager,2006,2013,0.389,0.257,0.132,false,15.424164524421593
2012,PHI,4,12,MISSED,55,F_PHI,Howie Roseman,General Manager,2010,2015,0.432,0.28800000000000003,0.144,false,9.25925925925926
2012,PIT,8,8,MISSED,1,F_PIT,Kevin Colbert,General Manager,2000,2022,0.23,0.169,0.061,false,34.78260869565217
2012,SEA,11,5,DIV,107,F_SEA,John Schneider,General Manager,2010,2099,0.492,0.26,0.23199999999999998,true,22.357723577235774
2012,SF,11,4,SB_LOSS,110,F_SF,Trent Baalke,General Manager,2011,2016,0.423,0.15100000000000002,0.27199999999999996,true,26.004728132387708
2012,TB,7,9,MISSED,135,F_TB,Mark Dominik,General Manager,2009,2013,0.355,0.249,0.106,false,19.71830985915493
2012,TEN,6,10,MISSED,100,F_TEN,Mike Reinfeldt,General Manager,2007,2013,0.366,0.113,0.253,false,16.39344262295082
2012,WAS,10,6,WC,65,F_WAS,Bruce Allen,President / De facto GM,2010,2019,0.375,0.268,0.10699999999999998,true,26.666666666666668
2013,ARI,10,6,MISSED,114,F_ARI,Steve Keim,General Manager,2013,2023,0.29,0.14200000000000002,0.148,false,34.48275862068966
2013,ATL,4,12,MISSED,124,F_ATL,Thomas Dimitroff,General Manager,2008,2020,0.46599999999999997,0.33199999999999996,0.134,false,8.583690987124465
2013,BAL,8,8,MISSED,3,F_BAL_ORG,Ozzie Newsome,General Manager,2000,2018,0.41000000000000003,0.228,0.17500000000000002,false,19.51219512195122
2013,BUF,6,10,MISSED,40,F_BUF,Doug Whaley,General Manager,2013,2017,0.322,0.14400000000000002,0.173,false,18.633540372670808
2013,CAR,12,4,DIV,129,F_CAR,Dave Gettleman,General Manager,2013,2017,0.234,0.111,0.123,true,51.28205128205128
2013,CHI,8,8,MISSED,21,F_CHI,Phil Emery,General Manager,2012,2014,0.24,0.126,0.114,false,33.333333333333336
2013,CIN,11,5,WC,5,F_CIN,Mike Brown,Executive VP / De facto GM,2000,2099,0.5630000000000001,0.119,0.401,true,19.53818827708703
2013,CLE,4,12,MISSED,11,F_CLE_NEW,Michael Lombardi,General Manager,2013,2014,0.327,0.136,0.191,false,12.232415902140673
2013,DAL,8,8,MISSED,52,F_DAL,Jerry Jones,Owner / President / GM,2000,2099,0.432,0.209,0.214,false,18.51851851851852
2013,DEN,13,3,SB_LOSS,69,F_DEN,John Elway,Executive VP / GM,2011,2021,0.443,0.303,0.14,true,29.345372460496613
2013,DET,7,9,MISSED,31,F_DET,Martin Mayhew,General Manager,2008,2015,0.53,0.255,0.263,false,13.20754716981132
2013,GB,8,7,WC,18,F_GB,Ted Thompson,General Manager,2005,2017,0.523,0.256,0.267,true,15.296367112810707
2013,HOU,2,14,MISSED,89,F_HOU,Rick Smith,General Manager,2006,2017,0.24,0.062,0.16299999999999998,false,8.333333333333334
2013,IND,11,5,DIV,86,F_IND,Ryan Grigson,General Manager,2012,2017,0.453,0.2,0.229,true,24.282560706401764
2013,JAX,4,12,MISSED,97,F_JAX,David Caldwell,General Manager,2013,2020,0.2,0.08,0.116,false,20.0
2013,KC,11,5,WC,73,F_KC,John Dorsey,General Manager,2013,2017,0.5579999999999999,0.335,0.193,true,19.713261648745522
2013,LA,7,9,MISSED,119,F_LAR_ORG,Les Snead,General Manager,2012,2099,0.329,0.234,0.088,false,21.27659574468085
2013,LAC,9,7,DIV,83,F_LAC,Tom Telesco,General Manager,2013,2023,0.205,0.098,0.107,true,43.90243902439025
2013,LV,4,12,MISSED,76,F_LV_ORG,Reggie McKenzie,General Manager,2012,2018,0.338,0.129,0.178,false,11.834319526627219
2013,MIA,8,8,MISSED,44,F_MIA,Jeff Ireland,General Manager,2008,2014,0.62,0.21100000000000002,0.404,false,12.903225806451614
2013,MIN,5,10,MISSED,28,F_MIN,Rick Spielman,General Manager,2006,2022,0.605,0.41100000000000003,0.189,false,8.264462809917356
2013,NE,12,4,CONF,34,F_NE,Bill Belichick,Head Coach / De facto GM,2000,2024,0.486,0.29,0.196,true,24.691358024691358
2013,NO,11,5,DIV,121,F_NO,Mickey Loomis,General Manager,2002,2099,0.27,0.054,0.209,true,40.74074074074074
2013,NYG,7,9,MISSED,59,F_NYG,Jerry Reese,General Manager,2007,2017,0.286,0.181,0.10500000000000001,false,24.475524475524477
2013,NYJ,8,8,MISSED,48,F_NYJ,Mike Tannenbaum,General Manager,2006,2013,0.37300000000000005,0.28,0.093,false,21.44772117962466
2013,PHI,10,6,WC,55,F_PHI,Howie Roseman,General Manager,2010,2015,0.406,0.179,0.211,true,24.63054187192118
2013,PIT,8,8,MISSED,1,F_PIT,Kevin Colbert,General Manager,2000,2022,0.153,0.07300000000000001,0.08,false,52.287581699346404
2013,SEA,13,3,SB_WIN,107,F_SEA,John Schneider,General Manager,2010,2099,0.29500000000000004,0.037,0.258,true,44.06779661016949
2013,SF,12,4,CONF,110,F_SF,Trent Baalke,General Manager,2011,2016,0.29300000000000004,0.11100000000000002,0.163,true,40.9556313993174
2013,TB,4,12,MISSED,135,F_TB,Mark Dominik,General Manager,2009,2013,0.37700000000000006,0.11900000000000001,0.258,false,10.610079575596815
2013,TEN,7,9,MISSED,101,F_TEN,Ruston Webster,General Manager,2013,2015,0.317,0.20500000000000002,0.112,false,22.082018927444796
2013,WAS,3,13,MISSED,65,F_WAS,Bruce Allen,President / De facto GM,2010,2019,0.18,0.088,0.088,false,16.666666666666668
2014,ARI,11,5,WC,114,F_ARI,Steve Keim,General Manager,2013,2023,0.513,0.267,0.231,true,21.44249512670565
2014,ATL,6,10,MISSED,124,F_ATL,Thomas Dimitroff,General Manager,2008,2020,0.391,0.178,0.18,false,15.345268542199488
2014,BAL,10,6,DIV,3,F_BAL_ORG,Ozzie Newsome,General Manager,2000,2018,0.361,0.213,0.14800000000000002,true,27.70083102493075
2014,BUF,9,7,MISSED,40,F_BUF,Doug Whaley,General Manager,2013,2017,0.415,0.262,0.123,false,21.686746987951807
2014,CAR,7,8,DIV,129,F_CAR,Dave Gettleman,General Manager,2013,2017,0.443,0.107,0.313,true,15.801354401805868
2014,CHI,5,11,MISSED,21,F_CHI,Phil Emery,General Manager,2012,2014,0.496,0.28700000000000003,0.20500000000000002,false,10.080645161290322
2014,CIN,10,5,WC,5,F_CIN,Mike Brown,Executive VP / De facto GM,2000,2099,0.34400000000000003,0.171,0.17300000000000001,true,29.069767441860463
2014,CLE,7,9,MISSED,12,F_CLE_NEW,Ray Farmer,General Manager,2014,2016,0.489,0.20500000000000002,0.284,false,14.314928425357873
2014,DAL,12,4,DIV,52,F_DAL,Jerry Jones,Owner / President / GM,2000,2099,0.314,0.13999999999999999,0.15,true,38.21656050955414
2014,DEN,12,4,DIV,69,F_DEN,John Elway,Executive VP / GM,2011,2021,0.362,0.155,0.20700000000000002,true,33.149171270718234
2014,DET,11,5,WC,31,F_DET,Martin Mayhew,General Manager,2008,2015,0.234,0.152,0.068,true,47.008547008547005
2014,GB,12,4,CONF,18,F_GB,Ted Thompson,General Manager,2005,2017,0.368,0.119,0.249,true,32.608695652173914
2014,HOU,9,7,MISSED,89,F_HOU,Rick Smith,General Manager,2006,2017,0.313,0.08499999999999999,0.227,false,28.75399361022364
2014,IND,11,5,CONF,86,F_IND,Ryan Grigson,General Manager,2012,2017,0.382,0.085,0.256,true,28.79581151832461
2014,JAX,3,13,MISSED,97,F_JAX,David Caldwell,General Manager,2013,2020,0.395,0.215,0.18000000000000002,false,7.594936708860759
2014,KC,9,7,MISSED,73,F_KC,John Dorsey,General Manager,2013,2017,0.426,0.23600000000000002,0.19,false,21.126760563380284
2014,LA,6,10,MISSED,119,F_LAR_ORG,Les Snead,General Manager,2012,2099,0.449,0.197,0.231,false,13.363028953229398
2014,LAC,9,7,MISSED,83,F_LAC,Tom Telesco,General Manager,2013,2023,0.341,0.149,0.19199999999999998,false,26.392961876832842
2014,LV,3,13,MISSED,76,F_LV_ORG,Reggie McKenzie,General Manager,2012,2018,0.499,0.239,0.26,false,6.012024048096192
2014,MIA,8,8,MISSED,45,F_MIA,Dennis Hickey,General Manager,2014,2016,0.431,0.207,0.22,false,18.561484918793504
2014,MIN,7,9,MISSED,28,F_MIN,Rick Spielman,General Manager,2006,2022,0.486,0.182,0.304,false,14.40329218106996
2014,NE,12,4,SB_WIN,34,F_NE,Bill Belichick,Head Coach / De facto GM,2000,2024,0.424,0.139,0.285,true,28.30188679245283
2014,NO,7,9,MISSED,121,F_NO,Mickey Loomis,General Manager,2002,2099,0.339,0.106,0.232,false,20.648967551622416
2014,NYG,6,10,MISSED,59,F_NYG,Jerry Reese,General Manager,2007,2017,0.418,0.158,0.26,false,14.354066985645934
2014,NYJ,4,12,MISSED,49,F_NYJ,John Idzik,General Manager,2014,2014,0.37,0.272,0.098,false,10.81081081081081
2014,PHI,10,6,MISSED,55,F_PHI,Howie Roseman,General Manager,2010,2015,0.438,0.277,0.147,false,22.831050228310502
2014,PIT,11,5,WC,1,F_PIT,Kevin Colbert,General Manager,2000,2022,0.51,0.164,0.322,true,21.56862745098039
2014,SEA,12,4,SB_LOSS,107,F_SEA,John Schneider,General Manager,2010,2099,0.619,0.196,0.423,true,19.38610662358643
2014,SF,8,8,MISSED,110,F_SF,Trent Baalke,General Manager,2011,2016,0.528,0.372,0.133,false,15.15151515151515
2014,TB,2,14,MISSED,136,F_TB,Jason Licht,General Manager,2014,2099,0.505,0.213,0.289,false,3.9603960396039604
2014,TEN,2,14,MISSED,101,F_TEN,Ruston Webster,General Manager,2013,2015,0.381,0.154,0.221,false,5.2493438320209975
2014,WAS,4,12,MISSED,65,F_WAS,Bruce Allen,President / De facto GM,2010,2019,0.514,0.179,0.331,false,7.782101167315175
2015,ARI,13,3,CONF,114,F_ARI,Steve Keim,General Manager,2013,2023,0.473,0.234,0.232,true,27.48414376321353
2015,ATL,8,8,MISSED,124,F_ATL,Thomas Dimitroff,General Manager,2008,2020,0.461,0.26,0.181,false,17.35357917570499
2015,BAL,5,11,MISSED,3,F_BAL_ORG,Ozzie Newsome,General Manager,2000,2018,0.532,0.21,0.28300000000000003,false,9.398496240601503
2015,BUF,8,8,MISSED,40,F_BUF,Doug Whaley,General Manager,2013,2017,0.5640000000000001,0.304,0.253,false,14.184397163120567
2015,CAR,15,1,SB_LOSS,129,F_CAR,Dave Gettleman,General Manager,2013,2017,0.53,0.315,0.215,true,28.30188679245283
2015,CHI,6,10,MISSED,22,F_CHI,Ryan Pace,General Manager,2015,2022,0.34400000000000003,0.15,0.19,false,17.441860465116278
2015,CIN,12,4,WC,5,F_CIN,Mike Brown,Executive VP / De facto GM,2000,2099,0.40900000000000003,0.259,0.138,true,29.339853300733495
2015,CLE,3,13,MISSED,12,F_CLE_NEW,Ray Farmer,General Manager,2014,2016,0.426,0.21,0.216,false,7.042253521126761
2015,DAL,4,12,MISSED,52,F_DAL,Jerry Jones,Owner / President / GM,2000,2099,0.5690000000000001,0.253,0.307,false,7.029876977152899
2015,DEN,12,4,SB_WIN,69,F_DEN,John Elway,Executive VP / GM,2011,2021,0.482,0.385,0.09,true,24.896265560165975
2015,DET,7,9,MISSED,31,F_DET,Martin Mayhew,General Manager,2008,2015,0.251,0.06999999999999999,0.16,false,27.888446215139442
2015,GB,10,6,DIV,18,F_GB,Ted Thompson,General Manager,2005,2017,0.329,0.166,0.163,true,30.3951367781155
2015,HOU,9,7,WC,89,F_HOU,Rick Smith,General Manager,2006,2017,0.47000000000000003,0.162,0.301,true,19.148936170212764
2015,IND,8,8,MISSED,86,F_IND,Ryan Grigson,General Manager,2012,2017,0.635,0.39,0.238,false,12.598425196850393
2015,JAX,5,11,MISSED,97,F_JAX,David Caldwell,General Manager,2013,2020,0.606,0.20400000000000001,0.392,false,8.250825082508252
2015,KC,11,5,DIV,73,F_KC,John Dorsey,General Manager,2013,2017,0.492,0.222,0.27,true,22.357723577235774
2015,LA,7,9,MISSED,119,F_LAR_ORG,Les Snead,General Manager,2012,2099,0.391,0.29300000000000004,0.098,false,17.902813299232736
2015,LAC,4,12,MISSED,83,F_LAC,Tom Telesco,General Manager,2013,2023,0.631,0.391,0.23600000000000002,false,6.3391442155309035
2015,LV,7,9,MISSED,76,F_LV_ORG,Reggie McKenzie,General Manager,2012,2018,0.55,0.263,0.28700000000000003,false,12.727272727272727
2015,MIA,6,10,MISSED,45,F_MIA,Dennis Hickey,General Manager,2014,2016,0.733,0.391,0.331,false,8.185538881309686
2015,MIN,11,5,WC,28,F_MIN,Rick Spielman,General Manager,2006,2022,0.40700000000000003,0.269,0.115,true,27.027027027027025
2015,NE,12,4,CONF,34,F_NE,Bill Belichick,Head Coach / De facto GM,2000,2024,0.633,0.224,0.361,true,18.95734597156398
2015,NO,7,9,MISSED,121,F_NO,Mickey Loomis,General Manager,2002,2099,0.537,0.227,0.304,false,13.035381750465548
2015,NYG,6,10,MISSED,59,F_NYG,Jerry Reese,General Manager,2007,2017,0.605,0.33699999999999997,0.26,false,9.917355371900827
2015,NYJ,10,6,MISSED,50,F_NYJ,Mike Maccagnan,General Manager,2015,2019,0.591,0.197,0.384,false,16.920473773265652
2015,PHI,7,9,MISSED,57,F_PHI,Howie Roseman,Executive VP / GM,2015,2099,0.531,0.214,0.31,false,13.182674199623351
2015,PIT,10,6,DIV,1,F_PIT,Kevin Colbert,General Manager,2000,2022,0.46099999999999997,0.274,0.177,true,21.69197396963124
2015,SEA,10,6,DIV,107,F_SEA,John Schneider,General Manager,2010,2099,0.523,0.324,0.193,true,19.120458891013385
2015,SF,5,11,MISSED,110,F_SF,Trent Baalke,General Manager,2011,2016,0.42,0.251,0.15900000000000003,false,11.904761904761905
2015,TB,6,10,MISSED,136,F_TB,Jason Licht,General Manager,2014,2099,0.35700000000000004,0.128,0.222,false,16.806722689075627
2015,TEN,3,13,MISSED,101,F_TEN,Ruston Webster,General Manager,2013,2015,0.488,0.2,0.242,false,6.147540983606557
2015,WAS,9,7,WC,65,F_WAS,Bruce Allen,President / De facto GM,2010,2019,0.452,0.134,0.314,true,19.911504424778762
2016,ARI,7,8,MISSED,114,F_ARI,Steve Keim,General Manager,2013,2023,0.704,0.423,0.263,false,9.943181818181818
2016,ATL,11,5,SB_LOSS,124,F_ATL,Thomas Dimitroff,General Manager,2008,2020,0.514,0.204,0.304,true,21.40077821011673
2016,BAL,8,8,MISSED,3,F_BAL_ORG,Ozzie Newsome,General Manager,2000,2018,0.512,0.314,0.161,false,15.625
2016,BUF,7,9,MISSED,40,F_BUF,Doug Whaley,General Manager,2013,2017,0.557,0.376,0.171,false,12.567324955116696
2016,CAR,6,10,MISSED,129,F_CAR,Dave Gettleman,General Manager,2013,2017,0.402,0.213,0.179,false,14.925373134328357
2016,CHI,3,13,MISSED,22,F_CHI,Ryan Pace,General Manager,2015,2022,0.691,0.392,0.28900000000000003,false,4.341534008683069
2016,CIN,6,9,MISSED,5,F_CIN,Mike Brown,Executive VP / De facto GM,2000,2099,0.46,0.20700000000000002,0.249,false,13.043478260869565
2016,CLE,1,15,MISSED,13,F_CLE_NEW,Sashi Brown,Executive VP Football Ops,2016,2017,0.569,0.218,0.324,false,1.7574692442882252
2016,DAL,13,3,DIV,52,F_DAL,Jerry Jones,Owner / President / GM,2000,2099,0.484,0.215,0.266,true,26.859504132231407
2016,DEN,9,7,MISSED,69,F_DEN,John Elway,Executive VP / GM,2011,2021,0.643,0.329,0.298,false,13.996889580093312
2016,DET,9,7,WC,32,F_DET,Bob Quinn,General Manager,2016,2020,0.5720000000000001,0.272,0.271,true,15.734265734265733
2016,GB,10,6,CONF,18,F_GB,Ted Thompson,General Manager,2005,2017,0.333,0.178,0.12000000000000001,true,30.03003003003003
2016,HOU,9,7,DIV,89,F_HOU,Rick Smith,General Manager,2006,2017,0.498,0.36,0.123,true,18.072289156626507
2016,IND,8,8,MISSED,86,F_IND,Ryan Grigson,General Manager,2012,2017,0.561,0.31,0.226,false,14.2602495543672
2016,JAX,3,13,MISSED,97,F_JAX,David Caldwell,General Manager,2013,2020,0.599,0.289,0.29300000000000004,false,5.008347245409015
2016,KC,12,4,DIV,73,F_KC,John Dorsey,General Manager,2013,2017,0.613,0.293,0.32,true,19.575856443719413
2016,LA,4,12,MISSED,119,F_LAR_ORG,Les Snead,General Manager,2012,2099,0.762,0.228,0.531,false,5.2493438320209975
2016,LAC,5,11,MISSED,83,F_LAC,Tom Telesco,General Manager,2013,2023,0.5650000000000001,0.34800000000000003,0.213,false,8.849557522123893
2016,LV,12,4,WC,76,F_LV_ORG,Reggie McKenzie,General Manager,2012,2018,0.569,0.193,0.35500000000000004,true,21.0896309314587
2016,MIA,10,6,WC,46,F_MIA,Chris Grier,General Manager,2016,2099,0.45,0.17,0.277,true,22.22222222222222
2016,MIN,8,8,MISSED,28,F_MIN,Rick Spielman,General Manager,2006,2022,0.5770000000000001,0.326,0.24000000000000002,false,13.86481802426343
2016,NE,14,2,SB_WIN,34,F_NE,Bill Belichick,Head Coach / De facto GM,2000,2024,0.658,0.42300000000000004,0.23,true,21.27659574468085
2016,NO,7,9,MISSED,121,F_NO,Mickey Loomis,General Manager,2002,2099,0.741,0.465,0.257,false,9.446693657219972
2016,NYG,11,5,WC,59,F_NYG,Jerry Reese,General Manager,2007,2017,0.491,0.146,0.311,true,22.403258655804482
2016,NYJ,5,11,MISSED,50,F_NYJ,Mike Maccagnan,General Manager,2015,2019,0.6,0.31,0.279,false,8.333333333333334
2016,PHI,7,9,MISSED,57,F_PHI,Howie Roseman,Executive VP / GM,2015,2099,0.8069999999999999,0.34,0.443,false,8.674101610904586
2016,PIT,11,5,CONF,1,F_PIT,Kevin Colbert,General Manager,2000,2022,0.417,0.266,0.14100000000000001,true,26.378896882494004
2016,SEA,10,5,DIV,107,F_SEA,John Schneider,General Manager,2010,2099,0.458,0.256,0.17700000000000002,true,21.83406113537118
2016,SF,2,14,MISSED,110,F_SF,Trent Baalke,General Manager,2011,2016,0.558,0.298,0.237,false,3.584229390681003
2016,TB,9,7,MISSED,136,F_TB,Jason Licht,General Manager,2014,2099,0.49,0.227,0.237,false,18.367346938775512
2016,TEN,9,7,MISSED,102,F_TEN,Jon Robinson,General Manager,2016,2022,0.435,0.299,0.136,false,20.689655172413794
2016,WAS,8,7,MISSED,65,F_WAS,Bruce Allen,President / De facto GM,2010,2019,0.62,0.323,0.287,false,12.903225806451614
2017,ARI,8,8,MISSED,114,F_ARI,Steve Keim,General Manager,2013,2023,0.774,0.348,0.388,false,10.335917312661499
2017,ATL,10,6,DIV,124,F_ATL,Thomas Dimitroff,General Manager,2008,2020,0.523,0.25,0.27,true,19.120458891013385
2017,BAL,9,7,MISSED,3,F_BAL_ORG,Ozzie Newsome,General Manager,2000,2018,0.5720000000000001,0.267,0.299,false,15.734265734265733
2017,BUF,9,7,WC,41,F_BUF,Brandon Beane,General Manager,2017,2099,0.544,0.262,0.249,true,16.544117647058822
2017,CAR,11,5,WC,130,F_CAR,Marty Hurney,General Manager,2017,2020,0.766,0.388,0.355,true,14.360313315926893
2017,CHI,5,11,MISSED,22,F_CHI,Ryan Pace,General Manager,2015,2022,0.735,0.429,0.28500000000000003,false,6.802721088435375
2017,CIN,7,9,MISSED,5,F_CIN,Mike Brown,Executive VP / De facto GM,2000,2099,0.403,0.161,0.222,false,17.3697270471464
2017,CLE,0,16,MISSED,14,F_CLE_NEW,John Dorsey,General Manager,2017,2019,0.784,0.436,0.315,false,0.0
2017,DAL,9,7,MISSED,52,F_DAL,Jerry Jones,Owner / President / GM,2000,2099,0.447,0.248,0.186,false,20.13422818791946
2017,DEN,5,11,MISSED,69,F_DEN,John Elway,Executive VP / GM,2011,2021,0.53,0.23600000000000002,0.266,false,9.433962264150942
2017,DET,9,7,MISSED,32,F_DET,Bob Quinn,General Manager,2016,2020,0.552,0.263,0.252,false,16.304347826086953
2017,GB,7,9,MISSED,18,F_GB,Ted Thompson,General Manager,2005,2017,0.59,0.33499999999999996,0.23900000000000002,false,11.864406779661017
2017,HOU,4,12,MISSED,89,F_HOU,Rick Smith,General Manager,2006,2017,0.482,0.311,0.149,false,8.298755186721992
2017,IND,4,12,MISSED,87,F_IND,Chris Ballard,General Manager,2017,2099,0.619,0.252,0.34500000000000003,false,6.462035541195477
2017,JAX,10,6,CONF,97,F_JAX,David Caldwell,General Manager,2013,2020,0.767,0.293,0.461,true,13.03780964797914
2017,KC,10,6,WC,74,F_KC,Brett Veach,General Manager,2017,2099,0.549,0.20400000000000001,0.323,true,18.21493624772313
2017,LA,11,5,WC,119,F_LAR_ORG,Les Snead,General Manager,2012,2099,0.765,0.373,0.349,true,14.379084967320262
2017,LAC,9,7,MISSED,83,F_LAC,Tom Telesco,General Manager,2013,2023,0.559,0.32,0.21700000000000003,false,16.100178890876563
2017,LV,6,10,MISSED,76,F_LV_ORG,Reggie McKenzie,General Manager,2012,2018,0.631,0.44,0.16,false,9.508716323296355
2017,MIA,6,10,MISSED,46,F_MIA,Chris Grier,General Manager,2016,2099,0.779,0.259,0.508,false,7.702182284980744
2017,MIN,13,3,CONF,28,F_MIN,Rick Spielman,General Manager,2006,2022,0.6880000000000001,0.29100000000000004,0.383,true,18.8953488372093
2017,NE,13,3,SB_LOSS,34,F_NE,Bill Belichick,Head Coach / De facto GM,2000,2024,0.685,0.28500000000000003,0.4,true,18.97810218978102
2017,NO,11,5,DIV,121,F_NO,Mickey Loomis,General Manager,2002,2099,0.5670000000000001,0.276,0.269,true,19.400352733686066
2017,NYG,3,13,MISSED,60,F_NYG,Dave Gettleman,General Manager,2017,2022,0.649,0.35800000000000004,0.275,false,4.622496147919876
2017,NYJ,5,11,MISSED,50,F_NYJ,Mike Maccagnan,General Manager,2015,2019,0.576,0.321,0.229,false,8.680555555555555
2017,PHI,13,3,SB_WIN,57,F_PHI,Howie Roseman,Executive VP / GM,2015,2099,0.679,0.443,0.23,true,19.14580265095729
2017,PIT,13,3,DIV,1,F_PIT,Kevin Colbert,General Manager,2000,2022,0.651,0.349,0.28200000000000003,true,19.96927803379416
2017,SEA,9,7,MISSED,107,F_SEA,John Schneider,General Manager,2010,2099,0.542,0.266,0.266,false,16.605166051660515
2017,SF,6,10,MISSED,111,F_SF,John Lynch,General Manager,2017,2099,0.612,0.318,0.279,false,9.803921568627452
2017,TB,5,11,MISSED,136,F_TB,Jason Licht,General Manager,2014,2099,0.454,0.168,0.261,false,11.013215859030836
2017,TEN,9,7,DIV,102,F_TEN,Jon Robinson,General Manager,2016,2022,0.551,0.213,0.328,true,16.33393829401089
2017,WAS,7,9,MISSED,65,F_WAS,Bruce Allen,President / De facto GM,2010,2019,0.656,0.381,0.265,false,10.670731707317072
2018,ARI,3,13,MISSED,114,F_ARI,Steve Keim,General Manager,2013,2023,0.765,0.514,0.227,false,3.9215686274509802
2018,ATL,7,9,MISSED,124,F_ATL,Thomas Dimitroff,General Manager,2008,2020,0.712,0.438,0.234,false,9.831460674157304
2018,BAL,10,6,WC,3,F_BAL_ORG,Ozzie Newsome,General Manager,2000,2018,0.342,0.269,0.067,true,29.23976608187134
2018,BUF,6,10,MISSED,41,F_BUF,Brandon Beane,General Manager,2017,2099,0.653,0.321,0.312,false,9.188361408882082
2018,CAR,7,9,MISSED,130,F_CAR,Marty Hurney,General Manager,2017,2020,0.46199999999999997,0.219,0.201,false,15.151515151515152
2018,CHI,12,4,WC,22,F_CHI,Ryan Pace,General Manager,2015,2022,0.86,0.328,0.493,true,13.953488372093023
2018,CIN,6,10,MISSED,5,F_CIN,Mike Brown,Executive VP / De facto GM,2000,2099,0.46699999999999997,0.122,0.309,false,12.847965738758031
2018,CLE,7,8,MISSED,14,F_CLE_NEW,John Dorsey,General Manager,2017,2019,0.822,0.519,0.294,false,8.51581508515815
2018,DAL,10,6,DIV,52,F_DAL,Jerry Jones,Owner / President / GM,2000,2099,0.541,0.295,0.23399999999999999,true,18.484288354898336
2018,DEN,6,10,MISSED,69,F_DEN,John Elway,Executive VP / GM,2011,2021,0.479,0.243,0.217,false,12.526096033402924
2018,DET,6,10,MISSED,32,F_DET,Bob Quinn,General Manager,2016,2020,0.593,0.18,0.404,false,10.118043844856661
2018,GB,6,9,MISSED,19,F_GB,Brian Gutekunst,General Manager,2018,2099,0.589,0.39499999999999996,0.179,false,10.186757215619695
2018,HOU,11,5,WC,90,F_HOU,Brian Gaine,General Manager,2018,2019,0.558,0.209,0.332,true,19.71326164874552
2018,IND,10,6,DIV,87,F_IND,Chris Ballard,General Manager,2017,2099,0.51,0.28500000000000003,0.198,true,19.607843137254903
2018,JAX,5,11,MISSED,97,F_JAX,David Caldwell,General Manager,2013,2020,0.686,0.497,0.17300000000000001,false,7.2886297376093285
2018,KC,12,4,CONF,74,F_KC,Brett Veach,General Manager,2017,2099,0.565,0.316,0.23500000000000001,true,21.238938053097346
2018,LA,13,3,SB_LOSS,119,F_LAR_ORG,Les Snead,General Manager,2012,2099,0.7999999999999999,0.358,0.432,true,16.25
2018,LAC,12,4,DIV,83,F_LAC,Tom Telesco,General Manager,2013,2023,0.452,0.2,0.223,true,26.548672566371682
2018,LV,4,12,MISSED,76,F_LV_ORG,Reggie McKenzie,General Manager,2012,2018,0.65,0.299,0.311,false,6.153846153846153
2018,MIA,7,9,MISSED,46,F_MIA,Chris Grier,General Manager,2016,2099,0.576,0.32,0.242,false,12.152777777777779
2018,MIN,8,7,MISSED,28,F_MIN,Rick Spielman,General Manager,2006,2022,0.635,0.324,0.282,false,12.598425196850393
2018,NE,11,5,SB_WIN,34,F_NE,Bill Belichick,Head Coach / De facto GM,2000,2024,0.479,0.297,0.173,true,22.964509394572026
2018,NO,13,3,CONF,121,F_NO,Mickey Loomis,General Manager,2002,2099,0.651,0.385,0.241,true,19.96927803379416
2018,NYG,5,11,MISSED,60,F_NYG,Dave Gettleman,General Manager,2017,2022,0.548,0.34099999999999997,0.199,false,9.124087591240874
2018,NYJ,4,12,MISSED,50,F_NYJ,Mike Maccagnan,General Manager,2015,2019,0.776,0.409,0.349,false,5.154639175257731
2018,PHI,9,7,DIV,57,F_PHI,Howie Roseman,Executive VP / GM,2015,2099,0.475,0.264,0.208,true,18.947368421052634
2018,PIT,9,6,MISSED,1,F_PIT,Kevin Colbert,General Manager,2000,2022,0.425,0.216,0.17500000000000002,false,21.176470588235293
2018,SEA,10,6,WC,107,F_SEA,John Schneider,General Manager,2010,2099,0.681,0.327,0.332,true,14.684287812041115
2018,SF,4,12,MISSED,111,F_SF,John Lynch,General Manager,2017,2099,0.8200000000000001,0.5619999999999999,0.25,false,4.878048780487805
2018,TB,5,11,MISSED,136,F_TB,Jason Licht,General Manager,2014,2099,0.737,0.41800000000000004,0.28600000000000003,false,6.784260515603799
2018,TEN,9,7,MISSED,102,F_TEN,Jon Robinson,General Manager,2016,2022,0.732,0.389,0.317,false,12.295081967213115
2018,WAS,7,9,MISSED,65,F_WAS,Bruce Allen,President / De facto GM,2010,2019,0.644,0.384,0.24,false,10.869565217391305
2019,ARI,5,10,MISSED,114,F_ARI,Steve Keim,General Manager,2013,2023,0.628,0.324,0.298,false,7.961783439490445
2019,ATL,7,9,MISSED,124,F_ATL,Thomas Dimitroff,General Manager,2008,2020,0.613,0.254,0.329,false,11.419249592169658
2019,BAL,14,2,DIV,4,F_BAL_ORG,Eric DeCosta,General Manager,2019,2099,0.736,0.31,0.39,true,19.02173913043478
2019,BUF,10,6,WC,41,F_BUF,Brandon Beane,General Manager,2017,2099,0.677,0.41800000000000004,0.23,true,14.771048744460856
2019,CAR,5,11,MISSED,130,F_CAR,Marty Hurney,General Manager,2017,2020,0.5790000000000001,0.252,0.319,false,8.635578583765112
2019,CHI,8,8,MISSED,22,F_CHI,Ryan Pace,General Manager,2015,2022,0.611,0.425,0.158,false,13.09328968903437
2019,CIN,2,14,MISSED,5,F_CIN,Mike Brown,Executive VP / De facto GM,2000,2099,0.506,0.343,0.152,false,3.952569169960474
2019,CLE,6,10,MISSED,14,F_CLE_NEW,John Dorsey,General Manager,2017,2019,0.5750000000000001,0.264,0.303,false,10.43478260869565
2019,DAL,8,8,MISSED,52,F_DAL,Jerry Jones,Owner / President / GM,2000,2099,0.69,0.307,0.366,false,11.594202898550726
2019,DEN,7,9,MISSED,69,F_DEN,John Elway,Executive VP / GM,2011,2021,0.546,0.243,0.29200000000000004,false,12.82051282051282
2019,DET,3,12,MISSED,32,F_DET,Bob Quinn,General Manager,2016,2020,0.8370000000000001,0.4,0.417,false,3.584229390681003
2019,GB,13,3,CONF,19,F_GB,Brian Gutekunst,General Manager,2018,2099,0.548,0.193,0.35200000000000004,true,23.722627737226276
2019,HOU,10,6,DIV,90,F_HOU,Brian Gaine,General Manager,2018,2019,0.775,0.291,0.463,true,12.903225806451612
2019,IND,7,9,MISSED,87,F_IND,Chris Ballard,General Manager,2017,2099,1.0070000000000001,0.623,0.333,false,6.951340615690168
2019,JAX,6,10,MISSED,97,F_JAX,David Caldwell,General Manager,2013,2020,0.619,0.231,0.36,false,9.693053311793214
2019,KC,12,4,SB_WIN,74,F_KC,Brett Veach,General Manager,2017,2099,0.8200000000000001,0.337,0.458,true,14.634146341463413
2019,LA,9,7,MISSED,119,F_LAR_ORG,Les Snead,General Manager,2012,2099,0.399,0.14100000000000001,0.235,false,22.55639097744361
2019,LAC,5,11,MISSED,83,F_LAC,Tom Telesco,General Manager,2013,2023,0.428,0.20299999999999999,0.20500000000000002,false,11.682242990654206
2019,LV,7,9,MISSED,77,F_LV_ORG,Mike Mayock,General Manager,2019,2022,0.784,0.44,0.331,false,8.928571428571429
2019,MIA,5,11,MISSED,46,F_MIA,Chris Grier,General Manager,2016,2099,0.665,0.34800000000000003,0.302,false,7.518796992481203
2019,MIN,10,6,DIV,28,F_MIN,Rick Spielman,General Manager,2006,2022,0.531,0.317,0.2,true,18.832391713747644
2019,NE,12,4,WC,34,F_NE,Bill Belichick,Head Coach / De facto GM,2000,2024,0.889,0.575,0.263,true,13.498312710911136
2019,NO,13,3,WC,121,F_NO,Mickey Loomis,General Manager,2002,2099,0.787,0.40900000000000003,0.35000000000000003,true,16.518424396442185
2019,NYG,4,12,MISSED,60,F_NYG,Dave Gettleman,General Manager,2017,2022,0.525,0.306,0.184,false,7.619047619047619
2019,NYJ,7,9,MISSED,51,F_NYJ,Joe Douglas,General Manager,2019,2099,0.78,0.376,0.379,false,8.974358974358974
2019,PHI,9,7,WC,57,F_PHI,Howie Roseman,Executive VP / GM,2015,2099,0.917,0.509,0.381,true,9.814612868047982
2019,PIT,8,8,MISSED,1,F_PIT,Kevin Colbert,General Manager,2000,2022,0.717,0.406,0.291,false,11.157601115760112
2019,SEA,11,5,DIV,107,F_SEA,John Schneider,General Manager,2010,2099,1.0110000000000001,0.41100000000000003,0.5720000000000001,true,10.880316518298713
2019,SF,13,3,SB_LOSS,111,F_SF,John Lynch,General Manager,2017,2099,0.641,0.23600000000000002,0.357,true,20.2808112324493
2019,TB,7,9,MISSED,136,F_TB,Jason Licht,General Manager,2014,2099,0.5720000000000001,0.24400000000000002,0.292,false,12.237762237762237
2019,TEN,9,7,CONF,102,F_TEN,Jon Robinson,General Manager,2016,2022,0.698,0.376,0.284,true,12.893982808022923
2019,WAS,3,13,MISSED,65,F_WAS,Bruce Allen,President / De facto GM,2010,2019,0.492,0.246,0.246,false,6.097560975609756
2020,ARI,8,8,MISSED,114,F_ARI,Steve Keim,General Manager,2013,2023,0.8250000000000001,0.43,0.373,false,9.696969696969695
2020,ATL,4,12,MISSED,124,F_ATL,Thomas Dimitroff,General Manager,2008,2020,0.387,0.136,0.233,false,10.335917312661499
2020,BAL,11,5,DIV,4,F_BAL_ORG,Eric DeCosta,General Manager,2019,2099,0.6980000000000001,0.225,0.447,true,15.759312320916903
2020,BUF,13,3,CONF,41,F_BUF,Brandon Beane,General Manager,2017,2099,0.803,0.34800000000000003,0.446,true,16.189290161892902
2020,CAR,5,11,MISSED,130,F_CAR,Marty Hurney,General Manager,2017,2020,0.73,0.393,0.314,false,6.8493150684931505
2020,CHI,8,8,WC,22,F_CHI,Ryan Pace,General Manager,2015,2022,0.47700000000000004,0.213,0.254,true,16.771488469601675
2020,CIN,4,11,MISSED,5,F_CIN,Mike Brown,Executive VP / De facto GM,2000,2099,0.651,0.322,0.323,false,6.1443932411674345
2020,CLE,11,5,DIV,15,F_CLE_NEW,Andrew Berry,General Manager,2020,2099,0.714,0.344,0.368,true,15.406162464985995
2020,DAL,6,10,MISSED,52,F_DAL,Jerry Jones,Owner / President / GM,2000,2099,0.649,0.34299999999999997,0.27,false,9.244992295839753
2020,DEN,5,11,MISSED,69,F_DEN,John Elway,Executive VP / GM,2011,2021,0.618,0.325,0.249,false,8.090614886731391
2020,DET,5,11,MISSED,32,F_DET,Bob Quinn,General Manager,2016,2020,0.646,0.303,0.322,false,7.739938080495356
2020,GB,13,3,CONF,19,F_GB,Brian Gutekunst,General Manager,2018,2099,0.541,0.312,0.201,true,24.029574861367834
2020,HOU,4,12,MISSED,91,F_HOU,Bill O'Brien,Head Coach / De facto GM,2020,2020,0.871,0.516,0.312,false,4.592422502870264
2020,IND,11,5,WC,87,F_IND,Chris Ballard,General Manager,2017,2099,0.664,0.381,0.273,true,16.566265060240962
2020,JAX,1,15,MISSED,97,F_JAX,David Caldwell,General Manager,2013,2020,0.458,0.136,0.295,false,2.1834061135371177
2020,KC,14,2,SB_LOSS,74,F_KC,Brett Veach,General Manager,2017,2099,0.717,0.517,0.191,true,19.525801952580196
2020,LA,10,6,DIV,119,F_LAR_ORG,Les Snead,General Manager,2012,2099,0.474,0.243,0.211,true,21.09704641350211
2020,LAC,7,9,MISSED,83,F_LAC,Tom Telesco,General Manager,2013,2023,0.7030000000000001,0.35,0.351,false,9.95732574679943
2020,LV,8,8,MISSED,77,F_LV_ORG,Mike Mayock,General Manager,2019,2022,0.598,0.25,0.335,false,13.377926421404682
2020,MIA,10,6,MISSED,46,F_MIA,Chris Grier,General Manager,2016,2099,0.696,0.225,0.451,false,14.367816091954024
2020,MIN,7,9,MISSED,28,F_MIN,Rick Spielman,General Manager,2006,2022,0.747,0.399,0.312,false,9.370816599732262
2020,NE,7,9,MISSED,34,F_NE,Bill Belichick,Head Coach / De facto GM,2000,2024,0.503,0.251,0.249,false,13.916500994035784
2020,NO,12,4,DIV,121,F_NO,Mickey Loomis,General Manager,2002,2099,0.835,0.47600000000000003,0.347,true,14.371257485029941
2020,NYG,6,10,MISSED,60,F_NYG,Dave Gettleman,General Manager,2017,2022,0.758,0.278,0.435,false,7.915567282321899
2020,NYJ,2,14,MISSED,51,F_NYJ,Joe Douglas,General Manager,2019,2099,0.534,0.301,0.223,false,3.745318352059925
2020,PHI,4,11,MISSED,57,F_PHI,Howie Roseman,Executive VP / GM,2015,2099,0.535,0.154,0.377,false,7.4766355140186915
2020,PIT,12,4,WC,1,F_PIT,Kevin Colbert,General Manager,2000,2022,0.5640000000000001,0.198,0.338,true,21.27659574468085
2020,SEA,12,4,WC,107,F_SEA,John Schneider,General Manager,2010,2099,0.499,0.269,0.22999999999999998,true,24.04809619238477
2020,SF,6,10,MISSED,111,F_SF,John Lynch,General Manager,2017,2099,0.643,0.28500000000000003,0.33,false,9.331259720062208
2020,TB,11,5,SB_WIN,136,F_TB,Jason Licht,General Manager,2014,2099,0.552,0.266,0.274,true,19.927536231884055
2020,TEN,11,5,WC,102,F_TEN,Jon Robinson,General Manager,2016,2022,0.72,0.459,0.224,true,15.277777777777779
2020,WAS,7,9,WC,66,F_WAS,Ron Rivera,Head Coach / De facto GM,2020,2024,0.5660000000000001,0.352,0.195,true,12.367491166077738
2021,ARI,11,6,WC,114,F_ARI,Steve Keim,General Manager,2013,2023,0.715,0.289,0.383,true,15.384615384615385
2021,ATL,7,10,MISSED,125,F_ATL,Terry Fontenot,General Manager,2021,2099,0.603,0.36,0.219,false,11.608623548922056
2021,BAL,8,9,MISSED,4,F_BAL_ORG,Eric DeCosta,General Manager,2019,2099,0.703,0.417,0.276,false,11.379800853485065
2021,BUF,11,6,DIV,41,F_BUF,Brandon Beane,General Manager,2017,2099,0.9410000000000001,0.556,0.367,true,11.689691817215728
2021,CAR,5,12,MISSED,131,F_CAR,Scott Fitterer,General Manager,2021,2024,0.76,0.45,0.267,false,6.578947368421052
2021,CHI,6,11,MISSED,22,F_CHI,Ryan Pace,General Manager,2015,2022,0.674,0.449,0.189,false,8.90207715133531
2021,CIN,10,7,SB_LOSS,5,F_CIN,Mike Brown,Executive VP / De facto GM,2000,2099,0.596,0.192,0.373,true,16.778523489932887
2021,CLE,8,9,MISSED,15,F_CLE_NEW,Andrew Berry,General Manager,2020,2099,0.731,0.383,0.328,false,10.943912448700411
2021,DAL,12,5,WC,52,F_DAL,Jerry Jones,Owner / President / GM,2000,2099,0.609,0.36899999999999994,0.225,true,19.704433497536947
2021,DEN,7,10,MISSED,70,F_DEN,George Paton,General Manager,2021,2099,0.747,0.361,0.378,false,9.370816599732262
2021,DET,3,13,MISSED,33,F_DET,Brad Holmes,General Manager,2021,2099,0.67,0.352,0.28200000000000003,false,4.477611940298507
2021,GB,13,4,DIV,19,F_GB,Brian Gutekunst,General Manager,2018,2099,0.522,0.264,0.248,true,24.904214559386972
2021,HOU,4,13,MISSED,93,F_HOU,Nick Caserio,General Manager,2021,2099,0.646,0.302,0.311,false,6.191950464396284
2021,IND,9,8,MISSED,87,F_IND,Chris Ballard,General Manager,2017,2099,0.747,0.426,0.311,false,12.048192771084338
2021,JAX,3,14,MISSED,98,F_JAX,Trent Baalke,General Manager,2021,2099,0.927,0.492,0.401,false,3.2362459546925564
2021,KC,12,5,CONF,74,F_KC,Brett Veach,General Manager,2017,2099,0.369,0.194,0.161,true,32.520325203252035
2021,LA,12,5,SB_WIN,119,F_LAR_ORG,Les Snead,General Manager,2012,2099,0.48700000000000004,0.189,0.259,true,24.64065708418891
2021,LAC,9,8,MISSED,83,F_LAC,Tom Telesco,General Manager,2013,2023,0.515,0.266,0.211,false,17.475728155339805
2021,LV,10,7,WC,77,F_LV_ORG,Mike Mayock,General Manager,2019,2022,0.864,0.451,0.355,true,11.574074074074074
2021,MIA,9,8,MISSED,46,F_MIA,Chris Grier,General Manager,2016,2099,0.604,0.31,0.258,false,14.90066225165563
2021,MIN,8,9,MISSED,28,F_MIN,Rick Spielman,General Manager,2006,2022,0.702,0.257,0.418,false,11.396011396011398
2021,NE,10,7,WC,34,F_NE,Bill Belichick,Head Coach / De facto GM,2000,2024,0.858,0.4,0.428,true,11.655011655011656
2021,NO,9,8,MISSED,121,F_NO,Mickey Loomis,General Manager,2002,2099,0.799,0.392,0.387,false,11.264080100125156
2021,NYG,4,13,MISSED,60,F_NYG,Dave Gettleman,General Manager,2017,2022,0.682,0.397,0.269,false,5.865102639296187
2021,NYJ,4,13,MISSED,51,F_NYJ,Joe Douglas,General Manager,2019,2099,0.863,0.41000000000000003,0.435,false,4.634994206257242
2021,PHI,9,8,WC,57,F_PHI,Howie Roseman,Executive VP / GM,2015,2099,0.742,0.375,0.355,true,12.129380053908356
2021,PIT,9,7,WC,1,F_PIT,Kevin Colbert,General Manager,2000,2022,0.8430000000000001,0.368,0.451,true,10.676156583629892
2021,SEA,7,10,MISSED,107,F_SEA,John Schneider,General Manager,2010,2099,0.9430000000000001,0.388,0.535,false,7.423117709437964
2021,SF,10,7,CONF,111,F_SF,John Lynch,General Manager,2017,2099,0.918,0.423,0.482,true,10.893246187363834
2021,TB,13,4,DIV,136,F_TB,Jason Licht,General Manager,2014,2099,1.068,0.5740000000000001,0.456,true,12.172284644194756
2021,TEN,12,5,DIV,102,F_TEN,Jon Robinson,General Manager,2016,2022,0.713,0.249,0.422,true,16.83029453015428
2021,WAS,7,10,MISSED,66,F_WAS,Ron Rivera,Head Coach / De facto GM,2020,2024,0.8250000000000001,0.538,0.257,false,8.484848484848484
2022,ARI,4,13,MISSED,114,F_ARI,Steve Keim,General Manager,2013,2023,0.886,0.625,0.239,false,4.514672686230249
2022,ATL,7,10,MISSED,125,F_ATL,Terry Fontenot,General Manager,2021,2099,0.7050000000000001,0.34600000000000003,0.314,false,9.929078014184396
2022,BAL,10,7,WC,4,F_BAL_ORG,Eric DeCosta,General Manager,2019,2099,0.49,0.147,0.302,true,20.408163265306122
2022,BUF,13,3,DIV,41,F_BUF,Brandon Beane,General Manager,2017,2099,0.658,0.341,0.301,true,19.756838905775076
2022,CAR,7,10,MISSED,131,F_CAR,Scott Fitterer,General Manager,2021,2024,0.664,0.328,0.302,false,10.542168674698795
2022,CHI,3,14,MISSED,23,F_CHI,Ryan Poles,General Manager,2022,2099,0.654,0.366,0.264,false,4.587155963302752
2022,CIN,12,4,CONF,5,F_CIN,Mike Brown,Executive VP / De facto GM,2000,2099,0.514,0.23600000000000002,0.258,true,23.346303501945524
2022,CLE,7,10,MISSED,15,F_CLE_NEW,Andrew Berry,General Manager,2020,2099,0.913,0.5670000000000001,0.314,false,7.667031763417305
2022,DAL,12,5,DIV,52,F_DAL,Jerry Jones,Owner / President / GM,2000,2099,0.663,0.274,0.34500000000000003,true,18.099547511312217
2022,DEN,5,12,MISSED,70,F_DEN,George Paton,General Manager,2021,2099,0.734,0.476,0.256,false,6.8119891008174385
2022,DET,9,8,MISSED,33,F_DET,Brad Holmes,General Manager,2021,2099,0.537,0.23600000000000002,0.272,false,16.75977653631285
2022,GB,8,9,MISSED,19,F_GB,Brian Gutekunst,General Manager,2018,2099,1.041,0.623,0.392,false,7.684918347742556
2022,HOU,3,13,MISSED,93,F_HOU,Nick Caserio,General Manager,2021,2099,0.904,0.47500000000000003,0.42100000000000004,false,3.3185840707964602
2022,IND,4,12,MISSED,87,F_IND,Chris Ballard,General Manager,2017,2099,0.551,0.343,0.196,false,7.259528130671506
2022,JAX,9,8,DIV,98,F_JAX,Trent Baalke,General Manager,2021,2099,0.867,0.488,0.356,true,10.380622837370243
2022,KC,14,3,SB_WIN,74,F_KC,Brett Veach,General Manager,2017,2099,0.656,0.343,0.311,true,21.341463414634145
2022,LA,5,12,MISSED,119,F_LAR_ORG,Les Snead,General Manager,2012,2099,1.091,0.735,0.332,false,4.582951420714941
2022,LAC,10,7,WC,83,F_LAC,Tom Telesco,General Manager,2013,2023,0.588,0.281,0.279,true,17.006802721088437
2022,LV,6,11,MISSED,78,F_LV_ORG,Dave Ziegler,General Manager,2022,2023,1.079,0.622,0.457,false,5.560704355885079
2022,MIA,9,8,WC,46,F_MIA,Chris Grier,General Manager,2016,2099,1.1480000000000001,0.562,0.5720000000000001,true,7.8397212543554
2022,MIN,13,4,WC,29,F_MIN,Kwesi Adofo-Mensah,General Manager,2022,2099,0.609,0.325,0.263,true,21.346469622331693
2022,NE,8,9,MISSED,34,F_NE,Bill Belichick,Head Coach / De facto GM,2000,2024,0.566,0.214,0.308,false,14.13427561837456
2022,NO,7,10,MISSED,121,F_NO,Mickey Loomis,General Manager,2002,2099,0.721,0.384,0.329,false,9.708737864077671
2022,NYG,9,7,DIV,61,F_NYG,Joe Schoen,General Manager,2022,2099,0.618,0.373,0.23,true,14.563106796116505
2022,NYJ,7,10,MISSED,51,F_NYJ,Joe Douglas,General Manager,2019,2099,0.756,0.44,0.29300000000000004,false,9.25925925925926
2022,PHI,14,3,SB_LOSS,57,F_PHI,Howie Roseman,Executive VP / GM,2015,2099,0.623,0.339,0.28200000000000003,true,22.471910112359552
2022,PIT,9,8,MISSED,2,F_PIT,Omar Khan,General Manager,2022,2099,0.6950000000000001,0.329,0.319,false,12.949640287769784
2022,SEA,9,8,WC,107,F_SEA,John Schneider,General Manager,2010,2099,0.741,0.383,0.357,true,12.145748987854251
2022,SF,13,4,CONF,111,F_SF,John Lynch,General Manager,2017,2099,0.58,0.23,0.336,true,22.413793103448278
2022,TB,8,9,WC,136,F_TB,Jason Licht,General Manager,2014,2099,0.701,0.438,0.244,true,11.412268188302425
2022,TEN,7,10,MISSED,102,F_TEN,Jon Robinson,General Manager,2016,2022,0.74,0.276,0.42300000000000004,false,9.45945945945946
2022,WAS,8,8,MISSED,66,F_WAS,Ron Rivera,Head Coach / De facto GM,2020,2024,0.621,0.43,0.177,false,12.882447665056361
2023,ARI,4,13,MISSED,115,F_ARI,Monti Ossenfort,General Manager,2023,2099,0.541,0.23700000000000002,0.259,false,7.393715341959334
2023,ATL,7,10,MISSED,125,F_ATL,Terry Fontenot,General Manager,2021,2099,0.807,0.397,0.387,false,8.674101610904584
2023,BAL,13,4,CONF,4,F_BAL_ORG,Eric DeCosta,General Manager,2019,2099,0.681,0.392,0.277,true,19.089574155653448
2023,BUF,11,6,DIV,41,F_BUF,Brandon Beane,General Manager,2017,2099,0.664,0.26,0.366,true,16.566265060240962
2023,CAR,2,15,MISSED,131,F_CAR,Scott Fitterer,General Manager,2021,2024,0.6930000000000001,0.35300000000000004,0.321,false,2.8860028860028857
2023,CHI,7,10,MISSED,23,F_CHI,Ryan Poles,General Manager,2022,2099,0.762,0.295,0.435,false,9.186351706036746
2023,CIN,9,8,MISSED,5,F_CIN,Mike Brown,Executive VP / De facto GM,2000,2099,0.718,0.422,0.28800000000000003,false,12.534818941504179
2023,CLE,11,6,WC,15,F_CLE_NEW,Andrew Berry,General Manager,2020,2099,0.681,0.265,0.40900000000000003,true,16.152716593245227
2023,DAL,12,5,WC,52,F_DAL,Jerry Jones,Owner / President / GM,2000,2099,0.758,0.387,0.358,true,15.831134564643799
2023,DEN,8,9,MISSED,70,F_DEN,George Paton,General Manager,2021,2099,0.604,0.336,0.244,false,13.245033112582782
2023,DET,12,5,CONF,33,F_DET,Brad Holmes,General Manager,2021,2099,0.666,0.289,0.363,true,18.01801801801802
2023,GB,9,8,DIV,19,F_GB,Brian Gutekunst,General Manager,2018,2099,0.554,0.253,0.281,true,16.24548736462094
2023,HOU,10,7,DIV,93,F_HOU,Nick Caserio,General Manager,2021,2099,0.86,0.397,0.445,true,11.627906976744185
2023,IND,9,8,MISSED,87,F_IND,Chris Ballard,General Manager,2017,2099,0.5650000000000001,0.314,0.215,false,15.929203539823007
2023,JAX,9,8,MISSED,98,F_JAX,Trent Baalke,General Manager,2021,2099,0.524,0.263,0.23600000000000002,false,17.175572519083968
2023,KC,11,6,SB_WIN,74,F_KC,Brett Veach,General Manager,2017,2099,0.516,0.307,0.197,true,21.31782945736434
2023,LA,10,7,WC,119,F_LAR_ORG,Les Snead,General Manager,2012,2099,0.397,0.21,0.159,true,25.188916876574307
2023,LAC,5,12,MISSED,83,F_LAC,Tom Telesco,General Manager,2013,2023,0.57,0.39099999999999996,0.166,false,8.771929824561404
2023,LV,8,9,MISSED,78,F_LV_ORG,Dave Ziegler,General Manager,2022,2023,0.635,0.4,0.224,false,12.598425196850393
2023,MIA,11,6,WC,46,F_MIA,Chris Grier,General Manager,2016,2099,0.6,0.32,0.265,true,18.333333333333336
2023,MIN,7,10,MISSED,29,F_MIN,Kwesi Adofo-Mensah,General Manager,2022,2099,0.686,0.342,0.325,false,10.204081632653061
2023,NE,4,13,MISSED,34,F_NE,Bill Belichick,Head Coach / De facto GM,2000,2024,0.619,0.296,0.305,false,6.462035541195477
2023,NO,9,8,MISSED,121,F_NO,Mickey Loomis,General Manager,2002,2099,0.876,0.53,0.31,false,10.273972602739725
2023,NYG,6,11,MISSED,61,F_NYG,Joe Schoen,General Manager,2022,2099,0.897,0.54,0.311,false,6.688963210702341
2023,NYJ,7,10,MISSED,51,F_NYJ,Joe Douglas,General Manager,2019,2099,0.755,0.444,0.28600000000000003,false,9.271523178807946
2023,PHI,11,6,WC,57,F_PHI,Howie Roseman,Executive VP / GM,2015,2099,0.954,0.55,0.397,true,11.530398322851154
2023,PIT,10,7,WC,2,F_PIT,Omar Khan,General Manager,2022,2099,0.664,0.26,0.392,true,15.06024096385542
2023,SEA,9,8,MISSED,107,F_SEA,John Schneider,General Manager,2010,2099,0.768,0.296,0.445,false,11.71875
2023,SF,12,5,SB_LOSS,111,F_SF,John Lynch,General Manager,2017,2099,0.6940000000000001,0.17500000000000002,0.506,true,17.291066282420747
2023,TB,9,8,DIV,136,F_TB,Jason Licht,General Manager,2014,2099,0.436,0.171,0.248,true,20.642201834862384
2023,TEN,6,11,MISSED,103,F_TEN,Ran Carthon,General Manager,2023,2099,0.589,0.23500000000000001,0.338,false,10.186757215619695
2023,WAS,4,13,MISSED,66,F_WAS,Ron Rivera,Head Coach / De facto GM,2020,2024,0.595,0.32,0.257,false,6.722689075630252
2024,ARI,8,9,MISSED,115,F_ARI,Monti Ossenfort,General Manager,2023,2099,0.659,0.29400000000000004,0.34400000000000003,false,12.139605462822457
2024,ATL,8,9,MISSED,125,F_ATL,Terry Fontenot,General Manager,2021,2099,0.679,0.431,0.238,false,11.7820324005891
2024,BAL,12,5,DIV,4,F_BAL_ORG,Eric DeCosta,General Manager,2019,2099,0.527,0.226,0.29400000000000004,true,22.770398481973434
2024,BUF,13,4,CONF,41,F_BUF,Brandon Beane,General Manager,2017,2099,0.7040000000000001,0.377,0.318,true,18.46590909090909
2024,CAR,5,12,MISSED,132,F_CAR,Dan Morgan,General Manager,2024,2099,0.907,0.349,0.549,false,5.512679162072767
2024,CHI,5,12,MISSED,23,F_CHI,Ryan Poles,General Manager,2022,2099,0.5730000000000001,0.343,0.20800000000000002,false,8.726003490401395
2024,CIN,9,8,MISSED,5,F_CIN,Mike Brown,Executive VP / De facto GM,2000,2099,0.52,0.287,0.196,false,17.307692307692307
2024,CLE,3,14,MISSED,15,F_CLE_NEW,Andrew Berry,General Manager,2020,2099,0.56,0.257,0.265,false,5.357142857142857
2024,DAL,7,10,MISSED,52,F_DAL,Jerry Jones,Owner / President / GM,2000,2099,0.74,0.482,0.253,false,9.45945945945946
2024,DEN,10,7,WC,70,F_DEN,George Paton,General Manager,2021,2099,0.6970000000000001,0.336,0.337,true,14.347202295552366
2024,DET,15,2,DIV,33,F_DET,Brad Holmes,General Manager,2021,2099,1.08,0.6960000000000001,0.363,true,13.888888888888888
2024,GB,11,6,WC,19,F_GB,Brian Gutekunst,General Manager,2018,2099,0.65,0.40199999999999997,0.212,true,16.923076923076923
2024,HOU,10,7,DIV,93,F_HOU,Nick Caserio,General Manager,2021,2099,0.9400000000000001,0.47100000000000003,0.431,true,10.638297872340425
2024,IND,8,9,MISSED,87,F_IND,Chris Ballard,General Manager,2017,2099,0.61,0.20500000000000002,0.394,false,13.114754098360656
2024,JAX,4,13,MISSED,98,F_JAX,Trent Baalke,General Manager,2021,2099,1.036,0.5640000000000001,0.452,false,3.861003861003861
2024,KC,15,2,SB_LOSS,74,F_KC,Brett Veach,General Manager,2017,2099,0.811,0.388,0.379,true,18.49568434032059
2024,LA,10,7,DIV,119,F_LAR_ORG,Les Snead,General Manager,2012,2099,0.533,0.329,0.198,true,18.76172607879925
2024,LAC,11,6,WC,84,F_LAC,Joe Hortiz,General Manager,2024,2099,0.519,0.21800000000000003,0.29700000000000004,true,21.19460500963391
2024,LV,4,13,MISSED,80,F_LV_ORG,Tom Telesco,General Manager,2024,2099,0.558,0.259,0.29900000000000004,false,7.168458781362006
2024,MIA,8,9,MISSED,46,F_MIA,Chris Grier,General Manager,2016,2099,1.042,0.741,0.281,false,7.677543186180422
2024,MIN,14,3,WC,29,F_MIN,Kwesi Adofo-Mensah,General Manager,2022,2099,0.864,0.484,0.369,true,16.203703703703702
2024,NE,4,13,MISSED,35,F_NE,Eliot Wolf,Executive VP / De facto GM,2024,2099,0.9420000000000001,0.5720000000000001,0.364,false,4.246284501061571
2024,NO,5,12,MISSED,121,F_NO,Mickey Loomis,General Manager,2002,2099,0.592,0.303,0.28400000000000003,false,8.445945945945946
2024,NYG,3,14,MISSED,61,F_NYG,Joe Schoen,General Manager,2022,2099,0.628,0.305,0.31,false,4.777070063694268
2024,NYJ,5,12,MISSED,51,F_NYJ,Joe Douglas,General Manager,2019,2099,0.617,0.278,0.296,false,8.103727714748784
2024,PHI,14,3,SB_WIN,57,F_PHI,Howie Roseman,Executive VP / GM,2015,2099,0.771,0.449,0.28600000000000003,true,18.15823605706874
2024,PIT,10,7,WC,2,F_PIT,Omar Khan,General Manager,2022,2099,0.78,0.306,0.453,true,12.82051282051282
2024,SEA,10,7,MISSED,107,F_SEA,John Schneider,General Manager,2010,2099,0.602,0.294,0.307,false,16.611295681063122
2024,SF,6,11,MISSED,111,F_SF,John Lynch,General Manager,2017,2099,0.914,0.519,0.385,false,6.564551422319474
2024,TB,10,7,WC,136,F_TB,Jason Licht,General Manager,2014,2099,0.783,0.46900000000000003,0.28099999999999997,true,12.77139208173691
2024,TEN,3,14,MISSED,103,F_TEN,Ran Carthon,General Manager,2023,2099,0.665,0.321,0.32,false,4.511278195488722
2024,WAS,12,5,CONF,67,F_WAS,Adam Peters,General Manager,2024,2099,0.6940000000000001,0.377,0.28800000000000003,true,17.291066282420747
2025,ARI,3,14,MISSED,115,F_ARI,Monti Ossenfort,General Manager,2023,2099,0.608,0.265,0.328,false,4.934210526315789
2025,ATL,8,9,MISSED,125,F_ATL,Terry Fontenot,General Manager,2021,2099,0.559,0.28700000000000003,0.252,false,14.311270125223611
2025,BAL,8,9,MISSED,4,F_BAL_ORG,Eric DeCosta,General Manager,2019,2099,0.6950000000000001,0.35600000000000004,0.325,false,11.510791366906474
2025,BUF,12,5,DIV,41,F_BUF,Brandon Beane,General Manager,2017,2099,0.952,0.451,0.47500000000000003,true,12.605042016806724
2025,CAR,8,9,WC,132,F_CAR,Dan Morgan,General Manager,2024,2099,0.788,0.351,0.41800000000000004,true,10.152284263959391
2025,CHI,11,6,DIV,23,F_CHI,Ryan Poles,General Manager,2022,2099,0.7090000000000001,0.347,0.35100000000000003,true,15.5148095909732
2025,CIN,6,11,MISSED,5,F_CIN,Mike Brown,Executive VP / De facto GM,2000,2099,0.754,0.431,0.311,false,7.957559681697613
2025,CLE,5,12,MISSED,15,F_CLE_NEW,Andrew Berry,General Manager,2020,2099,0.518,0.257,0.254,false,9.652509652509652
2025,DAL,7,9,MISSED,52,F_DAL,Jerry Jones,Owner / President / GM,2000,2099,0.626,0.282,0.328,false,11.182108626198083
2025,DEN,14,3,CONF,70,F_DEN,George Paton,General Manager,2021,2099,0.846,0.327,0.482,true,16.548463356973997
2025,DET,9,8,MISSED,33,F_DET,Brad Holmes,General Manager,2021,2099,0.773,0.265,0.508,false,11.64294954721863
2025,GB,9,7,WC,19,F_GB,Brian Gutekunst,General Manager,2018,2099,0.699,0.315,0.344,true,12.875536480686696
2025,HOU,12,5,DIV,93,F_HOU,Nick Caserio,General Manager,2021,2099,0.808,0.243,0.552,true,14.85148514851485
2025,IND,8,9,MISSED,87,F_IND,Chris Ballard,General Manager,2017,2099,0.719,0.314,0.389,false,11.126564673157164
2025,JAX,13,4,WC,98,F_JAX,Trent Baalke,General Manager,2021,2099,0.635,0.442,0.179,true,20.47244094488189
2025,KC,6,11,MISSED,74,F_KC,Brett Veach,General Manager,2017,2099,0.6900000000000001,0.34400000000000003,0.333,false,8.695652173913043
2025,LA,12,5,CONF,119,F_LAR_ORG,Les Snead,General Manager,2012,2099,0.8420000000000001,0.49800000000000005,0.339,true,14.251781472684083
2025,LAC,11,6,WC,84,F_LAC,Joe Hortiz,General Manager,2024,2099,0.625,0.335,0.274,true,17.6
2025,LV,3,14,MISSED,80,F_LV_ORG,Tom Telesco,General Manager,2024,2099,0.875,0.424,0.434,false,3.4285714285714284
2025,MIA,7,10,MISSED,46,F_MIA,Chris Grier,General Manager,2016,2099,0.667,0.231,0.42000000000000004,false,10.494752623688155
2025,MIN,9,8,MISSED,29,F_MIN,Kwesi Adofo-Mensah,General Manager,2022,2099,0.839,0.34400000000000003,0.485,false,10.727056019070321
2025,NE,14,3,SB_LOSS,35,F_NE,Eliot Wolf,Executive VP / De facto GM,2024,2099,0.835,0.362,0.461,true,16.766467065868266
2025,NO,6,11,MISSED,121,F_NO,Mickey Loomis,General Manager,2002,2099,0.529,0.24100000000000002,0.27899999999999997,false,11.342155009451796
2025,NYG,4,13,MISSED,61,F_NYG,Joe Schoen,General Manager,2022,2099,0.5670000000000001,0.241,0.304,false,7.054673721340388
2025,NYJ,3,14,MISSED,51,F_NYJ,Joe Douglas,General Manager,2019,2099,0.678,0.396,0.256,false,4.424778761061947
2025,PHI,11,6,WC,57,F_PHI,Howie Roseman,Executive VP / GM,2015,2099,0.614,0.377,0.224,true,17.91530944625407
2025,PIT,10,7,WC,2,F_PIT,Omar Khan,General Manager,2022,2099,0.8440000000000001,0.39,0.441,true,11.848341232227487
2025,SEA,14,3,SB_WIN,107,F_SEA,John Schneider,General Manager,2010,2099,0.713,0.398,0.3,true,19.635343618513325
2025,SF,12,5,DIV,111,F_SF,John Lynch,General Manager,2017,2099,0.835,0.549,0.267,true,14.371257485029941
2025,TB,8,9,MISSED,136,F_TB,Jason Licht,General Manager,2014,2099,0.647,0.313,0.316,false,12.364760432766614
2025,TEN,3,14,MISSED,103,F_TEN,Ran Carthon,General Manager,2023,2099,0.673,0.301,0.356,false,4.457652303120357
2025,WAS,5,12,MISSED,67,F_WAS,Adam Peters,General Manager,2024,2099,0.6970000000000001,0.36200000000000004,0.299,false,7.173601147776183
